{"cameraMode":{"drawMode":0,"name":"Shaded","section":"Shading Mode"},"sceneLighting":true,"audioPlay":false,"sceneViewState":{"m_AlwaysRefresh":false,"showFog":true,"showSkybox":true,"showFlares":true,"showImageEffects":true,"showParticleSystems":true,"showVisualEffectGraphs":true,"m_FxEnabled":true},"in2DMode":false,"pivot":{"x":320.7530212402344,"y":973.9170532226563,"z":-217.259521484375},"rotation":{"x":-0.10719127953052521,"y":0.002079705009236932,"z":-0.00022386014461517334,"w":-0.994227945804596},"size":217.8419189453125,"orthographic":false}