{"cameraMode":{"drawMode":0,"name":"Shaded","section":"Shading Mode"},"sceneLighting":true,"audioPlay":false,"sceneViewState":{"m_AlwaysRefresh":false,"showFog":true,"showSkybox":true,"showFlares":true,"showImageEffects":true,"showParticleSystems":true,"showVisualEffectGraphs":true,"m_FxEnabled":true},"in2DMode":false,"pivot":{"x":-2.494448184967041,"y":0.5611137747764587,"z":-0.011330246925354004},"rotation":{"x":-0.17903025448322297,"y":-0.1580413281917572,"z":0.02915092743933201,"w":-0.9706223607063294},"size":0.8660253882408142,"orthographic":false}