{"cameraMode":{"drawMode":0,"name":"Shaded","section":"Shading Mode"},"sceneLighting":true,"audioPlay":false,"sceneViewState":{"m_AlwaysRefresh":false,"showFog":true,"showSkybox":true,"showFlares":true,"showImageEffects":true,"showParticleSystems":true,"showVisualEffectGraphs":true,"m_FxEnabled":true},"in2DMode":false,"pivot":{"x":0.05169983208179474,"y":1.5169658660888672,"z":1.7918472290039063},"rotation":{"x":0.5921613574028015,"y":0.01691901870071888,"z":-0.012437508441507817,"w":0.8055480718612671},"size":7.105444431304932,"orthographic":false}