{"cameraMode":{"drawMode":0,"name":"Shaded","section":"Shading Mode"},"sceneLighting":false,"audioPlay":false,"sceneViewState":{"m_AlwaysRefresh":false,"showFog":true,"showSkybox":false,"showFlares":true,"showImageEffects":true,"showParticleSystems":true,"showVisualEffectGraphs":true,"m_FxEnabled":true},"in2DMode":false,"pivot":{"x":0.2348962128162384,"y":0.8600144386291504,"z":-1.3057849407196046},"rotation":{"x":-0.027608303353190423,"y":-0.8773428201675415,"z":0.47633540630340578,"w":-0.050842076539993289},"size":2.970207452774048,"orthographic":false}